Material,Family,Subfamily,Density_g_cm3,Youngs_Modulus_GPa,Yield_Strength_MPa,UTS_MPa,Hardness_HB,Thermal_Conductivity_W_mK,CTE_um_m_mK,Melting_or_Reference_Temp_C,Cost_Index_1_10,Data_Basis,Primary_Reference,Use_Limit
AISI 1020,Ferrous,Low-carbon steel,7.87,205.0,350.0,420,120.0,51.9,11.7,1515,2,Representative room-temperature engineering value,MatWeb/ASM/NIST and standard engineering reference data,Educational screening; verify grade/temper/manufacturer data for design
AISI 1045,Ferrous,Medium-carbon steel,7.87,206.0,485.0,515,170.0,49.8,11.5,1495,2,Representative room-temperature engineering value,MatWeb/ASM/NIST and standard engineering reference data,Educational screening; verify grade/temper/manufacturer data for design
AISI 4140,Ferrous,Alloy steel,7.85,205.0,655.0,1020,302.0,42.6,12.3,1416,3,Representative room-temperature engineering value,MatWeb/ASM/NIST and standard engineering reference data,Educational screening; verify grade/temper/manufacturer data for design
AISI 4340,Ferrous,Alloy steel,7.85,200.0,1103.0,1172,341.0,44.5,12.3,1427,4,Representative room-temperature engineering value,MatWeb/ASM/NIST and standard engineering reference data,Educational screening; verify grade/temper/manufacturer data for design
Stainless Steel 304,Ferrous,Austenitic stainless steel,8.0,193.0,215.0,505,201.0,16.2,17.2,1450,5,Representative room-temperature engineering value,MatWeb/ASM/NIST and standard engineering reference data,Educational screening; verify grade/temper/manufacturer data for design
Stainless Steel 316,Ferrous,Austenitic stainless steel,8.0,193.0,205.0,515,217.0,16.3,15.9,1375,6,Representative room-temperature engineering value,MatWeb/ASM/NIST and standard engineering reference data,Educational screening; verify grade/temper/manufacturer data for design
Tool Steel D2,Ferrous,Cold-work tool steel,7.7,210.0,1500.0,2000,600.0,20.0,10.4,1420,7,Representative room-temperature engineering value,MatWeb/ASM/NIST and standard engineering reference data,Educational screening; verify grade/temper/manufacturer data for design
Aluminum 6061-T6,Non-ferrous,Aluminum alloy,2.7,68.9,276.0,310,95.0,167.0,23.6,582,4,Representative room-temperature engineering value,MatWeb/ASM/NIST and standard engineering reference data,Educational screening; verify grade/temper/manufacturer data for design
Aluminum 7075-T6,Non-ferrous,Aluminum alloy,2.81,71.7,503.0,572,150.0,130.0,23.6,477,5,Representative room-temperature engineering value,MatWeb/ASM/NIST and standard engineering reference data,Educational screening; verify grade/temper/manufacturer data for design
Aluminum 2024-T3,Non-ferrous,Aluminum alloy,2.78,73.1,345.0,470,120.0,121.0,23.2,502,5,Representative room-temperature engineering value,MatWeb/ASM/NIST and standard engineering reference data,Educational screening; verify grade/temper/manufacturer data for design
Copper C11000,Non-ferrous,Copper alloy,8.96,117.0,69.0,220,45.0,391.0,16.5,1085,7,Representative room-temperature engineering value,MatWeb/ASM/NIST and standard engineering reference data,Educational screening; verify grade/temper/manufacturer data for design
Brass C36000,Non-ferrous,Free-machining brass,8.5,97.0,124.0,338,80.0,115.0,20.5,885,6,Representative room-temperature engineering value,MatWeb/ASM/NIST and standard engineering reference data,Educational screening; verify grade/temper/manufacturer data for design
Bronze C93200,Non-ferrous,Bearing bronze,8.8,100.0,140.0,250,80.0,60.0,18.0,1000,6,Representative room-temperature engineering value,MatWeb/ASM/NIST and standard engineering reference data,Educational screening; verify grade/temper/manufacturer data for design
Titanium Ti-6Al-4V Grade 5,Non-ferrous,Titanium alloy,4.42,114.0,828.0,895,334.0,6.7,8.6,1660,10,Representative room-temperature engineering value,MatWeb/ASM/NIST and standard engineering reference data,Educational screening; verify grade/temper/manufacturer data for design
Magnesium AZ31B,Non-ferrous,Magnesium alloy,1.77,45.0,200.0,260,49.0,96.0,26.0,630,5,Representative room-temperature engineering value,MatWeb/ASM/NIST and standard engineering reference data,Educational screening; verify grade/temper/manufacturer data for design
Inconel 625,Non-ferrous,Nickel superalloy,8.44,205.0,460.0,930,220.0,9.8,12.8,1290,10,Representative room-temperature engineering value,MatWeb/ASM/NIST and standard engineering reference data,Educational screening; verify grade/temper/manufacturer data for design
Inconel 718,Non-ferrous,Nickel superalloy,8.19,200.0,1035.0,1240,330.0,11.4,13.0,1336,10,Representative room-temperature engineering value,MatWeb/ASM/NIST and standard engineering reference data,Educational screening; verify grade/temper/manufacturer data for design
Nickel 200,Non-ferrous,Commercially pure nickel,8.89,204.0,59.0,462,110.0,70.0,13.3,1446,8,Representative room-temperature engineering value,MatWeb/ASM/NIST and standard engineering reference data,Educational screening; verify grade/temper/manufacturer data for design
PVC,Polymer,Thermoplastic,1.4,3.0,45.0,50,110.0,0.16,52.0,212,2,Representative room-temperature engineering value,MatWeb/ASM/NIST and standard engineering reference data,Educational screening; verify grade/temper/manufacturer data for design
Nylon 6,Polymer,Engineering thermoplastic,1.14,2.8,70.0,80,110.0,0.25,80.0,220,4,Representative room-temperature engineering value,MatWeb/ASM/NIST and standard engineering reference data,Educational screening; verify grade/temper/manufacturer data for design
PTFE,Polymer,Fluoropolymer,2.2,0.5,11.0,25,50.0,0.25,120.0,327,5,Representative room-temperature engineering value,MatWeb/ASM/NIST and standard engineering reference data,Educational screening; verify grade/temper/manufacturer data for design
PEEK,Polymer,High-performance thermoplastic,1.32,3.6,95.0,100,100.0,0.25,47.0,343,9,Representative room-temperature engineering value,MatWeb/ASM/NIST and standard engineering reference data,Educational screening; verify grade/temper/manufacturer data for design
Polycarbonate,Polymer,Engineering thermoplastic,1.2,2.35,62.0,70,120.0,0.2,65.0,267,5,Representative room-temperature engineering value,MatWeb/ASM/NIST and standard engineering reference data,Educational screening; verify grade/temper/manufacturer data for design
Alumina,Ceramic,Aluminum oxide,3.9,300.0,,300,1500.0,30.0,8.0,2072,7,Representative room-temperature engineering value,MatWeb/ASM/NIST and standard engineering reference data,Educational screening; verify grade/temper/manufacturer data for design
Zirconia,Ceramic,Zirconium oxide,6.05,210.0,,250,1200.0,2.5,10.0,2715,9,Representative room-temperature engineering value,MatWeb/ASM/NIST and standard engineering reference data,Educational screening; verify grade/temper/manufacturer data for design
Silicon Carbide,Ceramic,Carbide ceramic,3.21,410.0,,300,2500.0,120.0,4.0,2730,9,Representative room-temperature engineering value,MatWeb/ASM/NIST and standard engineering reference data,Educational screening; verify grade/temper/manufacturer data for design
Silicon Nitride,Ceramic,Nitride ceramic,3.2,310.0,,700,1500.0,30.0,3.2,1900,9,Representative room-temperature engineering value,MatWeb/ASM/NIST and standard engineering reference data,Educational screening; verify grade/temper/manufacturer data for design
CFRP,Composite,Carbon-fiber/epoxy,1.6,135.0,,1000,,5.0,0.5,120,8,Representative room-temperature engineering value,MatWeb/ASM/NIST and standard engineering reference data,Educational screening; verify grade/temper/manufacturer data for design
GFRP,Composite,Glass-fiber/epoxy,1.9,25.0,,500,,0.3,8.0,120,5,Representative room-temperature engineering value,MatWeb/ASM/NIST and standard engineering reference data,Educational screening; verify grade/temper/manufacturer data for design
ABS,Polymer,Thermoplastic,1.04,2.3,40.0,45,100.0,0.18,90.0,105,3,Representative room-temperature engineering value,MatWeb/ASM/NIST and standard engineering reference data,Educational screening; verify grade/temper/manufacturer data for design
Polypropylene,Polymer,Thermoplastic,0.91,1.5,30.0,35,80.0,0.22,100.0,160,2,Representative room-temperature engineering value,MatWeb/ASM/NIST and standard engineering reference data,Educational screening; verify grade/temper/manufacturer data for design
PEEK GF30,Composite,Glass-fiber reinforced PEEK,1.51,8.5,150.0,180,,0.4,35.0,340,10,Representative room-temperature engineering value,MatWeb/ASM/NIST and standard engineering reference data,Educational screening; verify grade/temper/manufacturer data for design
