System,Composition_wt_percent_C,Temperature_C,Phase
Fe-C,0.00,1538,Liquid
Fe-C,0.10,1515,Liquid
Fe-C,0.20,1495,Liquid
Fe-C,0.40,1470,Liquid
Fe-C,0.60,1450,Liquid
Fe-C,0.76,1493,Liquid+Austenite
Fe-C,1.00,1450,Austenite
Fe-C,1.50,1400,Austenite
Fe-C,2.00,1350,Austenite
Fe-C,2.50,1300,Austenite
Fe-C,3.00,1250,Austenite
Fe-C,3.50,1200,Austenite
Fe-C,4.00,1160,Liquid+Austenite
Fe-C,4.30,1147,Liquid+Austenite+Cementite
Fe-C,4.50,1100,Liquid+Cementite
Fe-C,5.00,1000,Liquid+Cementite
Fe-C,5.50,900,Liquid+Cementite
Fe-C,6.00,800,Liquid+Cementite
Fe-C,6.67,727,Cementite